Name,Phone,Email,ID,City,Country,Allergic,Decide
Murtaza Hassan,+ (00) 123-45-67,contact@murtazahassan.com,5634853,Dark Side of the Moon,Mars |,0,1,
Sarah,+ (00) 765-43-21,sarah@abc.com,1356856,London,United Kingdom,0,1,
Jhon Williams,+ (00) 321-54-76,jhon@abc.com,6324625,New York,USA,1,1,
Murtaza Hassan,+ (00) 123-45-67,contact@murtazahassan.com,5634853,Dark Side of the Moon,Mars |,0,1,
Sarah,+ (00) 765-43-21,sarah@abc.com,1356856,London,United Kingdom,0,1,
Jhon Williams,+ (00) 321-54-76,jhon@abc.com,6324625,New York,USA,1,1,
Murtaza Hassan,+ (00) 123-45-67,contact@murtazahassan.com,5634853,Dark Side of the Moon,Mars |,0,1,
Sarah,+ (00) 765-43-21,sarah@abc.com,1356856,London,United Kingdom,0,1,
Jhon Williams,+ (00) 321-54-76,jhon@abc.com,6324625,New York,USA,1,1,
Murtaza Hassan,
Sarah,
Jhon Williams,
Murtaza Hassan,
Sarah,
Jhon Williams,
Murtaza Hassan,
Sarah,
Jhon Williams,
Murtaza Hassan,
Sarah,
Jhon Williams,
